LocalTimestamp,EmotiBitTimestamp,PacketNumber,DataLength,TypeTag,ProtocolVersion,DataReliability,HR
1713181954.636974,363458,57318,1,HR,1,100,84
1713181961.156953,369978,58358,1,HR,1,100,67
1713181962.116950,370938,58522,1,HR,1,100,66
1713181963.129946,371951,58678,1,HR,1,100,65
1713181963.649945,372471,58761,1,HR,1,100,76
1713181964.569942,373391,58927,1,HR,1,100,74
1713181965.702938,374524,59108,1,HR,1,100,69
1713181966.915934,375737,59305,1,HR,1,100,65
1713181968.635928,377457,59577,1,HR,1,100,58
1713181969.488926,378310,59727,1,HR,1,100,61
1713181971.781918,380603,60088,1,HR,1,100,53
1713181973.674912,382496,60407,1,HR,1,100,49
1713181974.235910,383057,60491,1,HR,1,100,62
1713181975.194907,384016,60640,1,HR,1,100,62
1713181976.448903,385270,60855,1,HR,1,100,59
1713181977.007901,385829,60939,1,HR,1,100,70
1713181977.687899,386509,61055,1,HR,1,100,74
1713181978.501896,387323,61193,1,HR,1,100,74
1713181979.660892,388482,61376,1,HR,1,100,69
1713181980.114891,388936,61443,1,HR,1,100,84
1713181980.594889,389416,61527,1,HR,1,100,93
1713181981.074888,389896,61609,1,HR,1,100,100
1713181981.634886,390456,61693,1,HR,1,100,102
1713181983.487880,392309,61997,1,HR,1,100,86
1713181984.460877,393282,62163,1,HR,1,100,81
1713181984.860875,393682,62230,1,HR,1,100,96
1713181986.713869,395535,62527,1,HR,1,100,82
1713181987.433867,396255,62642,1,HR,1,100,82
1713181988.113865,396935,62760,1,HR,1,100,84
1713181989.006862,397828,62899,1,HR,1,100,80
1713181989.606860,398428,62997,1,HR,1,100,85
1713181990.206858,399028,63098,1,HR,1,100,88
1713181991.020855,399842,63231,1,HR,1,100,85
1713181992.952849,401774,63543,1,HR,1,100,73
1713181993.793846,402615,63683,1,HR,1,100,73
1713181994.272845,403094,63768,1,HR,1,100,84
1713181994.872843,403694,63850,1,HR,1,100,88
1713181995.926839,404748,64032,1,HR,1,100,81
1713181996.806836,405628,64181,1,HR,1,100,78
1713181997.539834,406361,64297,1,HR,1,100,79
1713181998.259832,407081,64414,1,HR,1,100,80
1713181998.979829,407801,64520,1,HR,1,100,81
1713181999.672827,408494,64639,1,HR,1,100,83
1713182000.592824,409414,64786,1,HR,1,100,79
1713182001.312822,410134,64903,1,HR,1,100,80
1713182002.165819,410987,65052,1,HR,1,100,78
1713182002.805817,411627,65151,1,HR,1,100,81
1713182004.458812,413280,65423,1,HR,1,100,71
1713182005.138809,413960,65522,1,HR,1,100,75
1713182005.458808,414280,54,1,HR,1,100,100
1713182005.778807,414600,106,1,HR,1,100,120
1713182006.391805,415213,205,1,HR,1,100,115
1713182007.871800,416693,436,1,HR,1,100,99
1713182010.004793,418826,787,1,HR,1,100,83
1713182010.817791,419639,920,1,HR,1,100,81
1713182011.497788,420319,1036,1,HR,1,100,83
1713182013.230783,422052,1317,1,HR,1,100,72
1713182013.471782,422293,1370,1,HR,1,100,112
1713182015.644775,424466,1720,1,HR,1,100,93
1713182017.177770,425999,1968,1,HR,1,100,81
1713182017.617769,426439,2052,1,HR,1,100,93
1713182018.910764,427732,2251,1,HR,1,100,83
1713182019.590762,428412,2372,1,HR,1,100,84
1713182019.830761,428652,2408,1,HR,1,100,121
1713182020.470759,429292,2523,1,HR,1,100,115
1713182021.563756,430385,2689,1,HR,1,100,102
1713182022.563752,431385,2853,1,HR,1,100,92
1713182023.696749,432518,3039,1,HR,1,100,84
1713182024.696745,433518,3208,1,HR,1,100,79
1713182025.549743,434371,3358,1,HR,1,100,77
1713182026.309740,435131,3475,1,HR,1,100,77
1713182028.042734,436864,3756,1,HR,1,100,68
1713182028.882732,437704,3909,1,HR,1,100,69
1713182029.696729,438518,4036,1,HR,1,100,70
1713182030.415727,439237,4170,1,HR,1,100,73
1713182031.375724,440197,4324,1,HR,1,100,71
1713182032.069721,440891,4441,1,HR,1,100,75
1713182032.869719,441691,4575,1,HR,1,100,75
1713182033.802716,442624,4731,1,HR,1,100,73
1713182034.242714,443064,4800,1,HR,1,100,87
1713182035.202711,444024,4977,1,HR,1,100,81
1713182036.015708,444837,5112,1,HR,1,100,80
1713182036.575707,445397,5195,1,HR,1,100,86
1713182036.855706,445677,5250,1,HR,1,100,115
1713182039.108698,447930,5618,1,HR,1,100,95
1713182040.228695,449050,5811,1,HR,1,100,86
1713182040.481694,449303,5864,1,HR,1,100,122
1713182041.361691,450183,6017,1,HR,1,100,110
1713182042.321688,451143,6173,1,HR,1,100,100
1713182042.774686,451596,6242,1,HR,1,100,108
1713182043.654684,452476,6393,1,HR,1,100,99
1713182044.867680,453689,6596,1,HR,1,100,88
1713182046.427675,455249,6850,1,HR,1,100,77
1713182047.640671,456462,7052,1,HR,1,100,71
1713182049.134666,457956,7306,1,HR,1,100,64
1713182051.547658,460369,7699,1,HR,1,100,56
1713182053.027653,461849,7952,1,HR,1,100,52
1713182053.600651,462422,8037,1,HR,1,100,64
1713182055.453645,464275,8343,1,HR,1,100,57
1713182055.893644,464715,8431,1,HR,1,100,75
1713182056.413642,465235,8514,1,HR,1,100,84
1713182057.333639,466155,8667,1,HR,1,100,80
1713182058.466635,467288,8855,1,HR,1,100,74
1713182059.306633,468128,8987,1,HR,1,100,73
1713182060.479629,469301,9190,1,HR,1,100,69
1713182060.799628,469621,9241,1,HR,1,100,95
1713182061.812624,470634,9409,1,HR,1,100,87
1713182062.372622,471194,9510,1,HR,1,100,92
1713182063.052620,471874,9615,1,HR,1,100,91
1713182063.772618,472594,9734,1,HR,1,100,89
1713182064.425616,473247,9854,1,HR,1,100,90
1713182064.985614,473807,9938,1,HR,1,100,94
1713182066.079610,474901,10128,1,HR,1,100,85
1713182066.558609,475380,10211,1,HR,1,100,94
1713182067.278606,476100,10329,1,HR,1,100,92
1713182068.412603,477234,10516,1,HR,1,100,83
1713182071.985591,480807,11106,1,HR,1,100,69
1713182073.118587,481940,11292,1,HR,1,100,65
1713182073.958585,482780,11448,1,HR,1,100,67
1713182075.371580,484193,11685,1,HR,1,100,61
1713182076.011578,484833,11792,1,HR,1,100,69
1713182076.251577,485073,11826,1,HR,1,100,109
1713182077.064574,485886,11965,1,HR,1,100,101
1713182077.424573,486246,12034,1,HR,1,100,116
1713182077.944572,486766,12121,1,HR,1,100,116
1713182078.384570,487206,12189,1,HR,1,100,120
1713182079.277567,488099,12342,1,HR,1,100,109
1713182079.957565,488779,12464,1,HR,1,100,104
1713182080.517563,489339,12550,1,HR,1,100,105
1713182081.290561,490112,12694,1,HR,1,100,99
1713182082.010558,490832,12813,1,HR,1,100,96
1713182082.890555,491712,12968,1,HR,1,100,89
1713182083.583553,492405,13088,1,HR,1,100,89
1713182084.103552,492925,13172,1,HR,1,100,95
1713182084.503550,493325,13241,1,HR,1,100,107
1713182084.863549,493685,13297,1,HR,1,100,120
1713182085.397547,494219,13382,1,HR,1,100,119
1713182085.877546,494699,13470,1,HR,1,100,121
1713182086.477544,495299,13571,1,HR,1,100,116
1713182087.037542,495859,13656,1,HR,1,100,114
1713182088.810536,497632,13966,1,HR,1,100,96
1713182089.490534,498312,14083,1,HR,1,100,94
1713182090.023532,498845,14170,1,HR,1,100,99
1713182091.063529,499885,14341,1,HR,1,100,90
1713182091.583527,500405,14426,1,HR,1,100,96
1713182092.316525,501138,14544,1,HR,1,100,93
1713182092.916523,501738,14645,1,HR,1,100,94
1713182093.276522,502098,14717,1,HR,1,100,110
1713182093.836520,502658,14802,1,HR,1,100,110
1713182094.409518,503231,14905,1,HR,1,100,109
1713182094.929516,503751,14991,1,HR,1,100,111
1713182095.569514,504391,15092,1,HR,1,100,107
1713182096.009513,504831,15183,1,HR,1,100,113
1713182096.302512,505124,15234,1,HR,1,100,136
1713182096.902510,505724,15335,1,HR,1,100,128
1713182098.022506,506844,15523,1,HR,1,100,111
1713182098.795504,507617,15641,1,HR,1,100,104
1713182099.475501,508297,15759,1,HR,1,100,101
1713182100.115499,508937,15859,1,HR,1,100,99
1713182101.208496,510030,16049,1,HR,1,100,89
1713182101.848494,510670,16152,1,HR,1,100,90
1713182102.582491,511404,16285,1,HR,1,100,89
1713182103.302489,512124,16404,1,HR,1,100,88
1713182104.621485,513443,16623,1,HR,1,100,78
1713182105.675481,514497,16793,1,HR,1,100,74
1713182105.995480,514817,16843,1,HR,1,100,99
1713182106.634478,515456,16950,1,HR,1,100,98
1713182107.288476,516110,17069,1,HR,1,100,97
1713182107.608475,516430,17120,1,HR,1,100,117
1713182108.328472,517150,17243,1,HR,1,100,110
1713182109.461469,518283,17425,1,HR,1,100,97
1713182110.301466,519123,17577,1,HR,1,100,91
1713182110.941464,519763,17680,1,HR,1,100,92
1713182111.714461,520536,17802,1,HR,1,100,89
1713182112.474459,521296,17936,1,HR,1,100,87
1713182113.887454,522709,18171,1,HR,1,100,77
1713182115.900448,524722,18507,1,HR,1,100,67
1713182116.340446,525162,18577,1,HR,1,100,82
1713182116.580446,525402,18616,1,HR,1,100,119
1713182117.620442,526442,18803,1,HR,1,100,106
1713182118.753438,527575,18989,1,HR,1,100,94
1713182119.393436,528215,19094,1,HR,1,100,94
1713182119.966434,528788,19195,1,HR,1,100,97
1713182120.486433,529308,19281,1,HR,1,100,101
1713182120.726432,529548,19317,1,HR,1,100,134
1713182121.126431,529948,19386,1,HR,1,100,138
1713182121.406430,530228,19436,1,HR,1,100,155
1713182122.100428,530922,19561,1,HR,1,100,140
1713182122.420426,531242,19615,1,HR,1,100,150
1713182123.579423,532401,19800,1,HR,1,100,129
1713182125.433417,534255,20118,1,HR,1,100,107
1713182127.006412,535828,20371,1,HR,1,100,92
1713182127.806409,536628,20505,1,HR,1,100,88
1713182128.366407,537188,20591,1,HR,1,100,92
1713182129.139405,537961,20723,1,HR,1,100,89
1713182129.499403,538321,20776,1,HR,1,100,107
1713182129.819402,538641,20845,1,HR,1,100,125
1713182130.299401,539121,20914,1,HR,1,100,125
1713182131.152398,539974,21063,1,HR,1,100,113
1713182132.832392,541654,21334,1,HR,1,100,96
1713182133.325391,542147,21420,1,HR,1,100,102
1713182133.925389,542747,21522,1,HR,1,100,102
1713182134.605387,543427,21640,1,HR,1,100,99
1713182135.298384,544120,21742,1,HR,1,100,96
1713182135.698383,544520,21812,1,HR,1,100,108
1713182136.898379,545720,22013,1,HR,1,100,95
1713182137.351378,546173,22105,1,HR,1,100,104
1713182137.591377,546413,22140,1,HR,1,100,137
1713182138.551374,547373,22312,1,HR,1,100,120
1713182139.604370,548426,22481,1,HR,1,100,106
1713182140.004369,548826,22552,1,HR,1,100,116
1713182140.324368,549146,22602,1,HR,1,100,132
1713182141.978363,550800,22872,1,HR,1,100,111
1713182143.377358,552199,23117,1,HR,1,100,96
1713182143.831357,552653,23184,1,HR,1,100,105
1713182144.231355,553053,23253,1,HR,1,100,115
1713182144.951353,553773,23371,1,HR,1,100,108
1713182145.271352,554093,23423,1,HR,1,100,126
1713182146.684347,555506,23657,1,HR,1,100,107
1713182147.684344,556506,23830,1,HR,1,100,97
1713182148.337342,557159,23952,1,HR,1,100,96
1713182148.777340,557599,24019,1,HR,1,100,105
1713182149.217339,558039,24086,1,HR,1,100,112
1713182150.137336,558959,24239,1,HR,1,100,102
1713182150.790334,559612,24357,1,HR,1,100,100
1713182151.230332,560052,24425,1,HR,1,100,108
1713182151.870330,560692,24543,1,HR,1,100,105
1713182153.323326,562145,24782,1,HR,1,100,91
1713182154.243323,563065,24933,1,HR,1,100,85
1713182156.949314,565771,25370,1,HR,1,100,71
1713182158.923307,567745,25695,1,HR,1,100,62
1713182159.483305,568305,25796,1,HR,1,100,72
1713182161.376299,570198,26111,1,HR,1,100,63
1713182162.216297,571038,26245,1,HR,1,100,65
1713182163.709292,572531,26486,1,HR,1,100,60
1713182164.909288,573731,26685,1,HR,1,100,57
1713182165.429286,574251,26772,1,HR,1,100,70
1713182166.202284,575024,26908,1,HR,1,100,72
1713182167.242280,576064,27076,1,HR,1,100,69
1713182168.215277,577037,27237,1,HR,1,100,68
1713182168.895275,577717,27354,1,HR,1,100,72
1713182169.415273,578237,27439,1,HR,1,100,82
1713182170.028271,578850,27540,1,HR,1,100,86
1713182170.988268,579810,27704,1,HR,1,100,81
1713182171.588266,580410,27789,1,HR,1,100,85
1713182172.081264,580903,27876,1,HR,1,100,94
1713182173.161261,581983,28063,1,HR,1,100,85
1713182174.814255,583636,28330,1,HR,1,100,74
1713182176.094251,584916,28551,1,HR,1,100,68
1713182177.347247,586169,28749,1,HR,1,100,64
1713182178.507243,587329,28954,1,HR,1,100,61
1713182180.161238,588983,29218,1,HR,1,100,56
1713182180.561237,589383,29285,1,HR,1,100,77
1713182182.987229,591809,29688,1,HR,1,100,65
1713182185.187222,594009,30042,1,HR,1,100,57
1713182187.533214,596355,30431,1,HR,1,100,50
1713182188.133212,596955,30539,1,HR,1,100,61
1713182189.093209,597915,30709,1,HR,1,100,61
1713182190.066206,598888,30864,1,HR,1,100,62
1713182191.226202,600048,31063,1,HR,1,100,59
1713182192.599197,601421,31282,1,HR,1,100,56
1713182193.879193,602701,31511,1,HR,1,100,54
1713182195.212189,604034,31730,1,HR,1,100,52
1713182196.012186,604834,31865,1,HR,1,100,57
1713182197.745181,606567,32152,1,HR,1,100,52
1713182198.839177,607661,32325,1,HR,1,100,53
1713182199.159176,607981,32392,1,HR,1,100,83
1713182199.599174,608421,32462,1,HR,1,100,95
1713182202.292166,611114,32920,1,HR,1,100,79
1713182202.865164,611687,33005,1,HR,1,100,85
1713182203.865161,612687,33164,1,HR,1,100,79
1713182205.478155,614300,33435,1,HR,1,100,70
1713182206.038154,614860,33520,1,HR,1,100,78
1713182207.531149,616353,33769,1,HR,1,100,70
1713182209.584142,618406,34112,1,HR,1,100,61
1713182211.397136,620219,34411,1,HR,1,100,55
1713182212.117134,620939,34531,1,HR,1,100,61
1713182212.957131,621779,34667,1,HR,1,100,63
1713182214.090127,622912,34863,1,HR,1,100,61
1713182215.984121,624806,35185,1,HR,1,100,55
1713182216.983118,625805,35336,1,HR,1,100,56
1713182217.864115,626686,35487,1,HR,1,100,59
1713182218.917112,627739,35662,1,HR,1,100,58
1713182219.916108,628738,35830,1,HR,1,100,59
1713182220.730106,629552,35969,1,HR,1,100,62
1713182223.343097,632165,36406,1,HR,1,100,54
1713182224.303094,633125,36558,1,HR,1,100,56
1713182225.116091,633938,36690,1,HR,1,100,60
1713182227.649083,636471,37105,1,HR,1,100,52
1713182228.369081,637191,37225,1,HR,1,100,59
1713182229.822076,638644,37446,1,HR,1,100,55
1713182230.542074,639364,37580,1,HR,1,100,61
1713182231.116072,639938,37668,1,HR,1,100,72
1713182231.435071,640257,37721,1,HR,1,100,97
1713182232.035069,640857,37823,1,HR,1,100,98
1713182232.875066,641697,37976,1,HR,1,100,92
1713182234.168062,642990,38177,1,HR,1,100,82
1713182235.088059,643910,38341,1,HR,1,100,78
1713182236.142055,644964,38509,1,HR,1,100,74
1713182236.782053,645604,38626,1,HR,1,100,78
1713182237.501051,646323,38744,1,HR,1,100,79
1713182238.915046,647737,38984,1,HR,1,100,71
1713182239.155046,647977,39017,1,HR,1,100,111
1713182240.368042,649190,39209,1,HR,1,100,97
1713182241.848037,650670,39461,1,HR,1,100,85
1713182243.061033,651883,39663,1,HR,1,100,77
1713182244.274029,653096,39865,1,HR,1,100,71
1713182244.994026,653816,39985,1,HR,1,100,74
1713182246.194022,655016,40170,1,HR,1,100,68
1713182246.527021,655349,40239,1,HR,1,100,95
1713182247.687018,656509,40426,1,HR,1,100,85
1713182248.660014,657482,40596,1,HR,1,100,80
1713182249.380012,658202,40716,1,HR,1,100,81
1713182249.820011,658642,40786,1,HR,1,100,93
1713182251.393006,660215,41040,1,HR,1,100,81
1713182251.873004,660695,41128,1,HR,1,100,91
1713182253.047000,661869,41332,1,HR,1,100,82
1713182253.247000,662069,41366,1,HR,1,100,131
1713182256.339989,665162,41871,1,HR,1,100,106
1713182257.138987,665961,41988,1,HR,1,100,99
1713182258.032984,666855,42140,1,HR,1,100,92
1713182258.512982,667335,42221,1,HR,1,100,99
1713182259.485979,668308,42387,1,HR,1,100,91
1713182261.578972,670401,42723,1,HR,1,100,77
1713182262.378970,671201,42859,1,HR,1,100,77
1713182262.738969,671561,42910,1,HR,1,100,97
1713182263.378966,672201,43027,1,HR,1,100,96
1713182264.111964,672934,43147,1,HR,1,100,93
1713182264.711962,673534,43246,1,HR,1,100,95
1713182265.071961,673894,43303,1,HR,1,100,111
1713182265.791959,674614,43419,1,HR,1,100,105
1713182266.204957,675027,43486,1,HR,1,100,115
1713182266.604956,675427,43556,1,HR,1,100,123
1713182267.284954,676107,43672,1,HR,1,100,115
1713182269.177948,678000,43969,1,HR,1,100,96
1713182269.977945,678800,44104,1,HR,1,100,92
1713182270.670943,679493,44210,1,HR,1,100,91
1713182271.390940,680213,44328,1,HR,1,100,89
1713182272.110938,680933,44443,1,HR,1,100,88
1713182272.844936,681667,44575,1,HR,1,100,87
1713182273.484933,682307,44680,1,HR,1,100,88
1713182274.243931,683066,44798,1,HR,1,100,86
1713182274.737929,683560,44882,1,HR,1,100,95
1713182275.537927,684360,45019,1,HR,1,100,90
1713182276.216924,685039,45138,1,HR,1,100,90
1713182277.630920,686453,45353,1,HR,1,100,80
1713182278.510917,687333,45509,1,HR,1,100,77
1713182279.283915,688106,45642,1,HR,1,100,77
1713182280.243912,689066,45792,1,HR,1,100,74
1713182282.256905,691079,46130,1,HR,1,100,64
1713182282.976902,691799,46250,1,HR,1,100,69
1713182283.589900,692412,46351,1,HR,1,100,76
1713182283.949899,692772,46400,1,HR,1,100,96
1713182284.749897,693572,46537,1,HR,1,100,91
1713182285.389895,694212,46640,1,HR,1,100,92
1713182285.802893,694625,46711,1,HR,1,100,105
1713182286.402891,695225,46812,1,HR,1,100,104
1713182286.922890,695745,46894,1,HR,1,100,106
1713182287.562887,696385,46995,1,HR,1,100,103
1713182288.015886,696838,47081,1,HR,1,100,111
1713182289.535881,698358,47329,1,HR,1,100,95
1713182290.108879,698931,47417,1,HR,1,100,98
1713182291.988873,700811,47736,1,HR,1,100,83
1713182292.882870,701705,47868,1,HR,1,100,80
1713182293.162869,701985,47920,1,HR,1,100,110
1713182294.121866,702944,48090,1,HR,1,100,99
1713182294.375865,703198,48124,1,HR,1,100,133
1713182295.215863,704038,48256,1,HR,1,100,119
1713182295.815861,704638,48362,1,HR,1,100,115
1713182296.508858,705331,48480,1,HR,1,100,109
1713182297.068856,705891,48562,1,HR,1,100,109
1713182297.868854,706691,48695,1,HR,1,100,101
1713182298.961850,707784,48880,1,HR,1,100,91
1713182299.761848,708584,49012,1,HR,1,100,87
1713182300.814844,709637,49183,1,HR,1,100,81
1713182301.574842,710397,49298,1,HR,1,100,80
1713182302.574839,711397,49464,1,HR,1,100,76
1713182304.027834,712850,49701,1,HR,1,100,68
1713182304.627832,713450,49803,1,HR,1,100,75
1713182306.440826,715263,50108,1,HR,1,100,66
1713182307.493823,716316,50274,1,HR,1,100,64
1713182308.413820,717236,50426,1,HR,1,100,64
1713182309.333817,718156,50575,1,HR,1,100,65
1713182309.906815,718729,50675,1,HR,1,100,74
1713182310.666812,719489,50792,1,HR,1,100,75
1713182312.839805,721662,51147,1,HR,1,100,65
1713182313.893802,722716,51330,1,HR,1,100,63
1713182314.333800,723156,51398,1,HR,1,100,79
1713182314.773799,723596,51467,1,HR,1,100,92
1713182315.173797,723996,51534,1,HR,1,100,105
1713182316.586793,725409,51771,1,HR,1,100,91
1713182318.799786,727622,52117,1,HR,1,100,77
1713182319.559783,728382,52249,1,HR,1,100,77
1713182320.572780,729395,52415,1,HR,1,100,74
1713182320.972779,729795,52483,1,HR,1,100,91
1713182323.305771,732128,52851,1,HR,1,100,76
1713182324.705766,733528,53083,1,HR,1,100,69
1713182325.318764,734141,53182,1,HR,1,100,76
1713182326.238761,735061,53331,1,HR,1,100,73
1713182328.251755,737074,53675,1,HR,1,100,64
1713182328.611753,737434,53724,1,HR,1,100,87
1713182329.051752,737874,53811,1,HR,1,100,98
1713182329.824750,738647,53926,1,HR,1,100,94
1713182330.984746,739807,54124,1,HR,1,100,84
1713182331.638744,740461,54230,1,HR,1,100,86
1713182333.571737,742394,54548,1,HR,1,100,74
1713182334.891733,743714,54761,1,HR,1,100,68
1713182335.611731,744434,54882,1,HR,1,100,71
1713182343.503705,752326,56162,1,HR,1,100,57
1713182345.076700,753899,56414,1,HR,1,100,53
1713182347.289693,756112,56784,1,HR,1,100,47
1713182348.409689,757232,56968,1,HR,1,100,49
1713182348.743688,757566,57019,1,HR,1,100,80
1713182349.622685,758445,57170,1,HR,1,100,77
1713182350.142683,758965,57254,1,HR,1,100,86
1713182350.743681,759566,57354,1,HR,1,100,89
1713182351.236680,760059,57424,1,HR,1,100,97
1713182352.316676,761139,57618,1,HR,1,100,88
1713182353.729671,762552,57839,1,HR,1,100,78
1713182354.369669,763192,57957,1,HR,1,100,81
1713182356.182664,765005,58254,1,HR,1,100,71
1713182357.022661,765845,58387,1,HR,1,100,71
1713182357.755658,766578,58512,1,HR,1,100,74
1713182358.675655,767498,58663,1,HR,1,100,72
1713182363.994638,772817,59533,1,HR,1,100,58
1713182366.207631,775030,59901,1,HR,1,100,51
1713182368.247624,777070,60229,1,HR,1,100,47
1713182369.580620,778403,60445,1,HR,1,100,46
1713182371.354614,780177,60748,1,HR,1,100,44
1713182374.940602,783763,61352,1,HR,1,100,38
1713182375.980599,784803,61521,1,HR,1,100,42
1713182376.780596,785603,61658,1,HR,1,100,49
1713182378.513591,787336,61932,1,HR,1,100,46
1713182380.846583,789669,62318,1,HR,1,100,42
1713182385.472568,794295,63094,1,HR,1,100,35
1713182391.112550,799935,64017,1,HR,1,100,30
1713182395.298536,804121,64689,1,HR,1,100,26
1713182400.324519,809147,65534,1,HR,1,100,23
1713182402.577512,811400,372,1,HR,1,100,24
1713182408.497493,817320,1354,1,HR,1,100,21
1713182411.350483,820173,1821,1,HR,1,100,21
1713182412.163481,820986,1957,1,HR,1,100,33
1713182413.483477,822306,2182,1,HR,1,100,36
1713182414.256474,823079,2315,1,HR,1,100,45
1713182414.936472,823759,2413,1,HR,1,100,55
1713182416.136468,824959,2613,1,HR,1,100,54
1713182417.309464,826132,2817,1,HR,1,100,53
1713182417.949462,826772,2920,1,HR,1,100,62
1713182419.002459,827825,3095,1,HR,1,100,61
1713182420.975452,829798,3427,1,HR,1,100,54
1713182422.415447,831238,3664,1,HR,1,100,52
1713182423.948442,832771,3924,1,HR,1,100,49
1713182426.082435,834905,4270,1,HR,1,100,44
1713182430.708420,839531,5042,1,HR,1,100,37
1713182432.041416,840864,5263,1,HR,1,100,39
1713182433.121413,841944,5435,1,HR,1,100,43
1713182433.814410,842637,5554,1,HR,1,100,53
1713182435.094406,843917,5780,1,HR,1,100,52
1713182435.574404,844397,5868,1,HR,1,100,68
1713182437.147399,845970,6120,1,HR,1,100,61
1713182437.707397,846530,6221,1,HR,1,100,72
1713182441.933384,850756,6918,1,HR,1,100,59
1713182442.427382,851250,7005,1,HR,1,100,74
1713182446.039370,854862,7607,1,HR,1,100,61
1713182448.906361,857729,8074,1,HR,1,100,52
1713182449.386359,858209,8162,1,HR,1,100,68
1713182451.839351,860662,8569,1,HR,1,100,59
1713182454.852342,863675,9054,1,HR,1,100,50
1713182456.145337,864968,9268,1,HR,1,100,49
1713182458.238331,867061,9630,1,HR,1,100,45
1713182458.958328,867781,9747,1,HR,1,100,53
1713182459.852325,868675,9888,1,HR,1,100,57
1713182462.185318,871008,10273,1,HR,1,100,50
1713182466.118305,874941,10914,1,HR,1,100,42
1713182466.691303,875514,11015,1,HR,1,100,57
1713182468.091298,876914,11248,1,HR,1,100,54
1713182472.637284,881460,11991,1,HR,1,100,45
1713182475.943273,884766,12543,1,HR,1,100,39
1713182477.316268,886139,12763,1,HR,1,100,40
1713182477.876266,886699,12867,1,HR,1,100,55
1713182481.983253,890806,13541,1,HR,1,100,46
1713182482.063253,890886,13560,1,HR,1,100,202
1713182482.543251,891366,13643,1,HR,1,100,185
1713182487.209236,896032,14412,1,HR,1,100,147
1713182490.315226,899138,14921,1,HR,1,100,119
1713182493.728215,902551,15488,1,HR,1,100,96
1713182494.741211,903564,15654,1,HR,1,100,88
1713182495.181210,904004,15723,1,HR,1,100,99
1713182495.821208,904644,15833,1,HR,1,100,98
1713182499.488196,908311,16449,1,HR,1,100,80
1713182504.927178,913750,17336,1,HR,1,100,64
1713182508.620166,917443,17958,1,HR,1,100,54
1713182514.899146,923722,18980,1,HR,1,100,44
1713182516.552140,925375,19254,1,HR,1,100,42
1713182524.112116,932935,20519,1,HR,1,100,35
1713182527.338105,936161,21047,1,HR,1,100,31
1713182530.724094,939547,21617,1,HR,1,100,28
1713182534.057083,942880,22173,1,HR,1,100,26
1713182536.630075,945453,22592,1,HR,1,100,25
1713182540.337063,949160,23197,1,HR,1,100,23
1713182541.017060,949840,23312,1,HR,1,100,38
1713182544.163050,952986,23842,1,HR,1,100,34
1713182547.416039,956239,24385,1,HR,1,100,30
1713182548.389036,957212,24555,1,HR,1,100,37
1713182549.029034,957852,24657,1,HR,1,100,50
1713182553.095021,961918,25327,1,HR,1,100,42
1713182560.454997,969278,26530,1,HR,1,100,35
1713182562.840989,971664,26938,1,HR,1,100,33
1713182567.666973,976490,27731,1,HR,1,100,28
1713182584.851917,993675,30578,1,HR,1,100,23
1713182587.624908,996448,31052,1,HR,1,100,22
1713182588.638905,997462,31224,1,HR,1,100,31
1713182590.117900,998941,31463,1,HR,1,100,33
1713182594.104887,1002928,32121,1,HR,1,100,29
1713182594.664885,1003488,32222,1,HR,1,100,46
1713182595.757882,1004581,32403,1,HR,1,100,48
1713182599.383870,1008207,32992,1,HR,1,100,41
1713182600.783865,1009607,33228,1,HR,1,100,42
1713182605.209851,1014033,33958,1,HR,1,100,35
1713182606.023848,1014847,34094,1,HR,1,100,44
1713182609.436837,1018260,34664,1,HR,1,100,38
1713182612.089828,1020913,35105,1,HR,1,100,35
1713182613.022825,1021846,35266,1,HR,1,100,42
1713182614.182822,1023006,35446,1,HR,1,100,44
1713182616.848813,1025672,35885,1,HR,1,100,39
1713182621.914796,1030738,36737,1,HR,1,100,33
1713182624.607788,1033431,37179,1,HR,1,100,31
1713182630.527768,1039351,38156,1,HR,1,100,26
1713182633.953757,1042777,38720,1,HR,1,100,24
1713182638.419742,1047243,39452,1,HR,1,100,22
1713182641.312733,1050136,39927,1,HR,1,100,22
1713182643.245727,1052069,40248,1,HR,1,100,24
1713182649.845705,1058669,41334,1,HR,1,100,21
1713182652.538696,1061362,41783,1,HR,1,100,21
1713182653.831692,1062655,42005,1,HR,1,100,27
1713182657.697680,1066521,42625,1,HR,1,100,24
1713182658.497677,1067321,42764,1,HR,1,100,36
1713182666.097652,1074921,44012,1,HR,1,100,29
1713182669.563641,1078387,44595,1,HR,1,100,27
1713182670.816637,1079640,44794,1,HR,1,100,32
1713182671.736634,1080560,44947,1,HR,1,100,39
1713182674.429625,1083253,45404,1,HR,1,100,35
1713182685.508589,1094332,47210,1,HR,1,100,29
1713182687.028584,1095852,47463,1,HR,1,100,31
1713182688.521579,1097345,47718,1,HR,1,100,33
1713182688.961577,1097785,47786,1,HR,1,100,56
1713182690.894571,1099718,48111,1,HR,1,100,51
1713182691.907568,1100731,48275,1,HR,1,100,53
1713182692.667565,1101491,48393,1,HR,1,100,59
1713182693.880561,1102704,48599,1,HR,1,100,57
1713182694.760559,1103584,48752,1,HR,1,100,59
1713182697.733549,1106557,49241,1,HR,1,100,51
1713182698.267547,1107091,49330,1,HR,1,100,65
1713182701.120538,1109944,49797,1,HR,1,100,55
1713182701.800536,1110624,49901,1,HR,1,100,63
1713182703.453530,1112277,50188,1,HR,1,100,57
1713182706.266521,1115090,50648,1,HR,1,100,49
1713182711.145505,1119969,51465,1,HR,1,100,41
1713182714.678493,1123502,52037,1,HR,1,100,36
1713182717.985483,1126809,52594,1,HR,1,100,32
1713182720.878473,1129702,53066,1,HR,1,100,29
1713182723.451465,1132275,53486,1,HR,1,100,28
1713182724.104463,1132928,53585,1,HR,1,100,43
1713182724.864460,1133688,53721,1,HR,1,100,51
1713182725.344459,1134168,53805,1,HR,1,100,67
1713182728.690448,1137514,54350,1,HR,1,100,56
1713182746.355390,1155179,57212,1,HR,1,100,45
1713182748.528383,1157352,57583,1,HR,1,100,41
1713182749.048381,1157872,57672,1,HR,1,100,57
1713182749.701379,1158525,57771,1,HR,1,100,65
1713182750.301377,1159125,57874,1,HR,1,100,73
1713182752.395370,1161219,58227,1,HR,1,100,63
1713182756.421357,1165245,58886,1,HR,1,100,53
1713182757.621353,1166445,59088,1,HR,1,100,52
1713182758.434351,1167258,59224,1,HR,1,100,57
1713182760.087345,1168911,59491,1,HR,1,100,53
1713182760.767343,1169591,59608,1,HR,1,100,60
1713182761.567341,1170391,59729,1,HR,1,100,64
1713182762.420338,1171244,59866,1,HR,1,100,65
1713182763.180335,1172004,60002,1,HR,1,100,68
1713182763.900333,1172724,60118,1,HR,1,100,72
1713182765.553328,1174377,60382,1,HR,1,100,64
1713182766.726324,1175550,60577,1,HR,1,100,61
1713182770.019313,1178843,61121,1,HR,1,100,52
1713182771.513308,1180337,61376,1,HR,1,100,49
1713182772.646304,1181470,61550,1,HR,1,100,50
1713182775.699294,1184523,62049,1,HR,1,100,43
1713182777.472289,1186296,62340,1,HR,1,100,41
1713182779.485282,1188309,62676,1,HR,1,100,39
1713182781.618275,1190442,63028,1,HR,1,100,36
1713182782.578272,1191402,63185,1,HR,1,100,42
1713182786.444259,1195268,63820,1,HR,1,100,36
1713182787.978254,1196802,64080,1,HR,1,100,37
1713182791.884242,1200708,64710,1,HR,1,100,32
1713182792.564240,1201388,64831,1,HR,1,100,45
1713182793.164237,1201988,64933,1,HR,1,100,57
1713182793.857235,1202681,65033,1,HR,1,100,64
1713182795.017231,1203841,65234,1,HR,1,100,61
1713182795.697229,1204521,65350,1,HR,1,100,67
1713182795.857229,1204681,65370,1,HR,1,100,136
1713182796.790226,1205614,65520,1,HR,1,100,120
1713182797.190224,1206014,53,1,HR,1,100,127
1713182798.323220,1207147,243,1,HR,1,100,110
1713182799.124218,1207948,375,1,HR,1,100,103
1713182799.563216,1208387,462,1,HR,1,100,110
1713182799.963215,1208787,531,1,HR,1,100,119
1713182800.176214,1209000,566,1,HR,1,100,159
1713182801.456210,1210280,770,1,HR,1,100,134
1713182803.389204,1212213,1092,1,HR,1,100,111
1713182804.229201,1213053,1224,1,HR,1,100,102
1713182804.883199,1213707,1345,1,HR,1,100,101
1713182805.443197,1214267,1426,1,HR,1,100,102
1713182806.002196,1214826,1529,1,HR,1,100,103
1713182807.216192,1216040,1731,1,HR,1,100,91
1713182807.696190,1216520,1822,1,HR,1,100,99
1713182808.456187,1217280,1939,1,HR,1,100,94
1713182809.029186,1217853,2042,1,HR,1,100,97
1713182809.549184,1218373,2127,1,HR,1,100,101
1713182810.589180,1219413,2291,1,HR,1,100,92
1713182811.322178,1220146,2408,1,HR,1,100,90
1713182812.522174,1221346,2607,1,HR,1,100,81
1713182813.775170,1222599,2835,1,HR,1,100,74
1713182814.175169,1222999,2885,1,HR,1,100,91
1713182814.948166,1223772,3018,1,HR,1,100,88
1713182815.948163,1224772,3186,1,HR,1,100,82
1713182817.761157,1226585,3487,1,HR,1,100,71
1713182819.215153,1228039,3724,1,HR,1,100,65
1713182820.254149,1229078,3897,1,HR,1,100,63
1713182822.788141,1231612,4313,1,HR,1,100,54
1713182823.561138,1232385,4455,1,HR,1,100,60
1713182824.161136,1232985,4553,1,HR,1,100,69
1713182827.374126,1236198,5070,1,HR,1,100,58
1713182827.947124,1236771,5175,1,HR,1,100,69
1713182828.427122,1237251,5262,1,HR,1,100,81
1713182830.600115,1239424,5611,1,HR,1,100,69
1713182831.160113,1239984,5711,1,HR,1,100,78
1713182831.680112,1240504,5798,1,HR,1,100,86
1713182832.173110,1240997,5884,1,HR,1,100,95
1713182834.466103,1243290,6252,1,HR,1,100,80
1713182835.146101,1243970,6372,1,HR,1,100,81
1713182835.426100,1244250,6424,1,HR,1,100,111
1713182838.199090,1247023,6875,1,HR,1,100,91
1713182839.013088,1247837,7014,1,HR,1,100,88
1713182839.533086,1248357,7097,1,HR,1,100,94
1713182840.946081,1249770,7329,1,HR,1,100,82
1713182841.986078,1250810,7497,1,HR,1,100,77
1713182842.919075,1251743,7647,1,HR,1,100,74
1713182843.639073,1252463,7786,1,HR,1,100,76
1713182844.519070,1253343,7920,1,HR,1,100,75
1713182845.972065,1254796,8170,1,HR,1,100,67
1713182846.332064,1255156,8221,1,HR,1,100,89
1713182848.065058,1256889,8506,1,HR,1,100,77
1713182850.198051,1259022,8860,1,HR,1,100,66
1713182851.052048,1259876,9009,1,HR,1,100,67
1713182852.051045,1260875,9161,1,HR,1,100,66
1713182852.651043,1261475,9264,1,HR,1,100,73
1713182853.184042,1262008,9365,1,HR,1,100,83
1713182854.104038,1262928,9506,1,HR,1,100,79
1713182860.424018,1269248,10563,1,HR,1,100,63
1713182866.222999,1275047,11519,1,HR,1,100,52
1713182866.782997,1275607,11604,1,HR,1,100,64
1713182868.595991,1277420,11907,1,HR,1,100,57
1713182869.955987,1278780,12149,1,HR,1,100,54
1713182870.888984,1279713,12303,1,HR,1,100,57
1713182871.768981,1280593,12437,1,HR,1,100,59
1713182872.901977,1281726,12641,1,HR,1,100,58
1713182873.621975,1282446,12756,1,HR,1,100,64
1713182874.101973,1282926,12831,1,HR,1,100,77
1713182875.515969,1284340,13061,1,HR,1,100,70
1713182876.688965,1285513,13261,1,HR,1,100,66
1713182877.528962,1286353,13394,1,HR,1,100,67
1713182879.141957,1287966,13664,1,HR,1,100,60
1713182879.661955,1288486,13753,1,HR,1,100,73
1713182880.181953,1289006,13839,1,HR,1,100,82
1713182880.661952,1289486,13926,1,HR,1,100,92
1713182881.034951,1289859,13976,1,HR,1,100,108
1713182881.794948,1290619,14111,1,HR,1,100,102
1713182882.887945,1291712,14298,1,HR,1,100,92
1713182884.407940,1293232,14548,1,HR,1,100,80
1713182885.980935,1294805,14797,1,HR,1,100,71
1713182887.020931,1295845,14963,1,HR,1,100,68
1713182889.526923,1298351,15379,1,HR,1,100,58
1713182890.126921,1298951,15480,1,HR,1,100,67
1713182892.580913,1301405,15878,1,HR,1,100,58
1713182892.939912,1301764,15947,1,HR,1,100,82
1713182894.193908,1303018,16146,1,HR,1,100,75
1713182894.953905,1303778,16289,1,HR,1,100,76
1713182895.766903,1304591,16424,1,HR,1,100,75
1713182897.046898,1305871,16622,1,HR,1,100,69
1713182897.899896,1306724,16774,1,HR,1,100,70
1713182899.419891,1308244,17005,1,HR,1,100,63
1713182901.472884,1310297,17356,1,HR,1,100,55
1713182901.765883,1310590,17409,1,HR,1,100,91
1713182904.098875,1312923,17787,1,HR,1,100,76
1713182905.378871,1314203,17990,1,HR,1,100,70
1713182906.472868,1315297,18175,1,HR,1,100,67
1713182907.031866,1315856,18278,1,HR,1,100,76
1713182907.711864,1316536,18379,1,HR,1,100,78
1713182910.698854,1319523,18881,1,HR,1,100,66
1713182911.498851,1320323,19017,1,HR,1,100,68
1713182912.231849,1321056,19134,1,HR,1,100,71
1713182913.391845,1322216,19317,1,HR,1,100,67
1713182913.991843,1322816,19420,1,HR,1,100,74
1713182916.164836,1324989,19789,1,HR,1,100,64
1713182916.857834,1325682,19887,1,HR,1,100,69
1713182917.817831,1326642,20057,1,HR,1,100,68
1713182918.417829,1327242,20156,1,HR,1,100,75
1713182919.830824,1328655,20392,1,HR,1,100,68
1713182920.270823,1329095,20464,1,HR,1,100,83
1713182923.137813,1331962,20930,1,HR,1,100,69
1713182923.576812,1332401,21014,1,HR,1,100,84
1713182923.976810,1332801,21066,1,HR,1,100,99
1713182924.616808,1333441,21184,1,HR,1,100,98
1713182924.870808,1333695,21217,1,HR,1,100,132
1713182925.710805,1334535,21359,1,HR,1,100,118
1713182925.990804,1334815,21410,1,HR,1,100,140
1713182928.003797,1336828,21742,1,HR,1,100,115
1713182929.136794,1337961,21926,1,HR,1,100,102
1713182929.856791,1338681,22046,1,HR,1,100,97
1713182932.349783,1341174,22465,1,HR,1,100,81
1713182933.482780,1342307,22648,1,HR,1,100,75
1713182938.788762,1347613,23509,1,HR,1,100,61
1713182939.601759,1348426,23644,1,HR,1,100,64
1713182940.321757,1349146,23759,1,HR,1,100,68
1713182942.095751,1350920,24062,1,HR,1,100,61
1713182944.588743,1353413,24460,1,HR,1,100,53
1713182945.468740,1354293,24609,1,HR,1,100,56
1713182946.641737,1355466,24812,1,HR,1,100,55
1713182947.081735,1355906,24879,1,HR,1,100,73
1713182947.681733,1356506,24984,1,HR,1,100,79
1713182948.294731,1357119,25085,1,HR,1,100,84
1713182949.574727,1358399,25301,1,HR,1,100,76
1713182950.427724,1359252,25433,1,HR,1,100,75
1713182950.947722,1359772,25523,1,HR,1,100,84
1713182951.627720,1360452,25639,1,HR,1,100,85
1713182954.160712,1362985,26053,1,HR,1,100,71
1713182955.333708,1364158,26237,1,HR,1,100,67
1713182956.053706,1364878,26356,1,HR,1,100,71
1713182957.386702,1366211,26573,1,HR,1,100,65
1713182958.066699,1366891,26674,1,HR,1,100,70
1713182959.400695,1368225,26907,1,HR,1,100,65
1713182960.199692,1369024,27022,1,HR,1,100,67
1713182960.733691,1369558,27123,1,HR,1,100,78
1713182963.866680,1372691,27648,1,HR,1,100,65
1713182964.666678,1373491,27767,1,HR,1,100,67
1713182965.239676,1374064,27866,1,HR,1,100,76
1713182967.612668,1376437,28250,1,HR,1,100,65
1713182969.212663,1378037,28515,1,HR,1,100,59
1713182970.025660,1378850,28647,1,HR,1,100,62
1713182970.625658,1379450,28748,1,HR,1,100,71
1713182970.905657,1379730,28798,1,HR,1,100,103
1713182972.598652,1381423,29068,1,HR,1,100,88
1713182973.891648,1382716,29285,1,HR,1,100,79
1713182974.451646,1383276,29389,1,HR,1,100,85
1713182975.291643,1384116,29522,1,HR,1,100,82
1713182975.625642,1384450,29572,1,HR,1,100,105
1713182977.104637,1385929,29826,1,HR,1,100,91
1713182977.584635,1386409,29909,1,HR,1,100,99
1713182977.758635,1386583,29928,1,HR,1,100,160
1713182978.238633,1387063,30014,1,HR,1,100,152
1713182978.678632,1387503,30081,1,HR,1,100,149
1713182979.478629,1388303,30213,1,HR,1,100,132
1713182980.451626,1389276,30381,1,HR,1,100,117
1713182981.011624,1389836,30464,1,HR,1,100,115
1713182981.491623,1390316,30547,1,HR,1,100,117
1713182982.424620,1391249,30706,1,HR,1,100,105
1713182983.984615,1392809,30971,1,HR,1,100,91
1713182985.437610,1394262,31208,1,HR,1,100,80
1713182986.250607,1395075,31343,1,HR,1,100,79
1713182986.770606,1395595,31431,1,HR,1,100,87
1713182987.410604,1396235,31536,1,HR,1,100,88
1713182987.770602,1396595,31603,1,HR,1,100,106
1713182988.743599,1397568,31755,1,HR,1,100,96
1713182989.303597,1398128,31856,1,HR,1,100,99
1713182989.903595,1398728,31959,1,HR,1,100,99
1713182990.397594,1399222,32042,1,HR,1,100,105
1713182991.516590,1400341,32228,1,HR,1,100,93
1713182992.156588,1400981,32331,1,HR,1,100,93
1713182992.730586,1401555,32434,1,HR,1,100,96
1713182993.410584,1402235,32538,1,HR,1,100,95
1713182993.729583,1402554,32589,1,HR,1,100,115
1713182994.169581,1402994,32674,1,HR,1,100,120
1713182995.063579,1403888,32822,1,HR,1,100,108
1713182995.543577,1404368,32889,1,HR,1,100,112
1713182996.222575,1405047,33008,1,HR,1,100,107
1713182997.236571,1406061,33164,1,HR,1,100,96
1713182997.996569,1406821,33300,1,HR,1,100,93
1713182998.676567,1407501,33401,1,HR,1,100,92
1713182999.329565,1408154,33518,1,HR,1,100,92
1713182999.649564,1408474,33572,1,HR,1,100,113
1713183000.689560,1409514,33739,1,HR,1,100,101
1713183001.182559,1410007,33822,1,HR,1,100,106
1713183001.542557,1410367,33892,1,HR,1,100,120
1713183001.942556,1410767,33945,1,HR,1,100,126
1713183002.902553,1411727,34120,1,HR,1,100,112
1713183003.435551,1412260,34203,1,HR,1,100,113
1713183003.715550,1412540,34254,1,HR,1,100,135
1713183004.235548,1413060,34340,1,HR,1,100,131
1713183004.915546,1413740,34443,1,HR,1,100,121
1713183005.328545,1414153,34512,1,HR,1,100,128
1713183005.688544,1414513,34579,1,HR,1,100,136
1713183006.248542,1415073,34678,1,HR,1,100,130
1713183007.261539,1416086,34837,1,HR,1,100,114
1713183007.661537,1416486,34908,1,HR,1,100,122
1713183011.314525,1420139,35511,1,HR,1,100,99
1713183011.848524,1420673,35596,1,HR,1,100,102
1713183013.168519,1421993,35824,1,HR,1,100,90
1713183014.461515,1423286,36044,1,HR,1,100,80
1713183015.421512,1424246,36198,1,HR,1,100,76
1713183015.874511,1424699,36267,1,HR,1,100,90
1713183016.274509,1425099,36337,1,HR,1,100,103
1713183017.074507,1425899,36473,1,HR,1,100,97
1713183018.327502,1427152,36682,1,HR,1,100,86
1713183018.927501,1427752,36783,1,HR,1,100,89
1713183019.287499,1428112,36850,1,HR,1,100,106
1713183020.220496,1429045,37001,1,HR,1,100,97
1713183020.740495,1429565,37087,1,HR,1,100,101
1713183021.340493,1430165,37188,1,HR,1,100,101
1713183021.820491,1430645,37276,1,HR,1,100,106
1713183022.993487,1431818,37468,1,HR,1,100,94
1713183023.713485,1432538,37583,1,HR,1,100,92
1713183024.326483,1433151,37684,1,HR,1,100,94
1713183024.606482,1433431,37735,1,HR,1,100,120
1713183024.927481,1433752,37785,1,HR,1,100,135
1713183025.446479,1434271,37873,1,HR,1,100,131
1713183025.886478,1434711,37941,1,HR,1,100,132
1713183026.779475,1435604,38089,1,HR,1,100,118
1713183027.299473,1436124,38174,1,HR,1,100,117
1713183027.779472,1436604,38246,1,HR,1,100,119
1713183030.113464,1438938,38632,1,HR,1,100,98
1713183030.606462,1439431,38719,1,HR,1,100,104
1713183031.086461,1439911,38800,1,HR,1,100,109
1713183031.566459,1440391,38885,1,HR,1,100,112
1713183032.286457,1441111,39001,1,HR,1,100,106
1713183032.899455,1441724,39091,1,HR,1,100,105
1713183033.219454,1442044,39143,1,HR,1,100,123
1713183033.819452,1442644,39244,1,HR,1,100,118
1713183034.419450,1443244,39343,1,HR,1,100,114
1713183035.152448,1443977,39459,1,HR,1,100,107
1713183037.405440,1446230,39843,1,HR,1,100,89
1713183037.765439,1446590,39894,1,HR,1,100,106
1713183039.218434,1448043,40133,1,HR,1,100,92
1713183039.938432,1448763,40250,1,HR,1,100,90
1713183040.818429,1449643,40397,1,HR,1,100,85
1713183041.391427,1450216,40481,1,HR,1,100,90
1713183042.151425,1450976,40617,1,HR,1,100,88
1713183042.631423,1451456,40704,1,HR,1,100,96
1713183043.284421,1452109,40812,1,HR,1,100,95
1713183043.604420,1452429,40862,1,HR,1,100,116
1713183044.724416,1453549,41045,1,HR,1,100,102
1713183045.204415,1454029,41128,1,HR,1,100,107
1713183045.618413,1454443,41196,1,HR,1,100,117
1713183048.911403,1457736,41717,1,HR,1,100,95
1713183050.964396,1459789,42063,1,HR,1,100,80
1713183051.444395,1460269,42130,1,HR,1,100,90
1713183052.577391,1461402,42328,1,HR,1,100,82
1713183054.870383,1463695,42697,1,HR,1,100,70
1713183055.870380,1464695,42863,1,HR,1,100,68
1713183056.683378,1465508,42996,1,HR,1,100,69
1713183057.963373,1466788,43197,1,HR,1,100,64
1713183058.976370,1467801,43366,1,HR,1,100,63
1713183060.429365,1469254,43595,1,HR,1,100,58
1713183060.949363,1469774,43682,1,HR,1,100,71
1713183062.069360,1470894,43864,1,HR,1,100,67
1713183068.189340,1477014,44856,1,HR,1,100,54
1713183071.615329,1480440,45404,1,HR,1,100,46
1713183073.468323,1482293,45716,1,HR,1,100,43
1713183074.228320,1483053,45840,1,HR,1,100,51
1713183077.734309,1486559,46397,1,HR,1,100,44
1713183078.134307,1486959,46466,1,HR,1,100,67
1713183078.414306,1487239,46516,1,HR,1,100,100
1713183080.627299,1489452,46869,1,HR,1,100,84
1713183082.001295,1490826,47098,1,HR,1,100,75
1713183084.094288,1492919,47435,1,HR,1,100,65
1713183084.934285,1493759,47568,1,HR,1,100,66
1713183086.027282,1494852,47748,1,HR,1,100,64
1713183088.200274,1497025,48097,1,HR,1,100,56
1713183089.360271,1498185,48285,1,HR,1,100,55
1713183089.920269,1498745,48386,1,HR,1,100,67
1713183090.813266,1499638,48535,1,HR,1,100,67
1713183092.826259,1501651,48876,1,HR,1,100,59
1713183094.146255,1502971,49094,1,HR,1,100,56
1713183095.719250,1504544,49334,1,HR,1,100,52
1713183096.532247,1505357,49468,1,HR,1,100,57
1713183097.212245,1506037,49587,1,HR,1,100,64
1713183097.532244,1506357,49638,1,HR,1,100,91
1713183098.546241,1507371,49810,1,HR,1,100,84
1713183101.039233,1509864,50215,1,HR,1,100,71
1713183101.839230,1510664,50349,1,HR,1,100,72
1713183103.052226,1511877,50555,1,HR,1,100,67
1713183104.492221,1513317,50790,1,HR,1,100,61
1713183105.185219,1514010,50914,1,HR,1,100,67
1713183105.785217,1514610,51014,1,HR,1,100,75
1713183106.465215,1515290,51113,1,HR,1,100,78
1713183107.358212,1516183,51262,1,HR,1,100,76
1713183108.958207,1517783,51529,1,HR,1,100,67
1713183109.971204,1518796,51688,1,HR,1,100,66
1713183111.384199,1520209,51921,1,HR,1,100,60
1713183112.424196,1521249,52107,1,HR,1,100,60
1713183112.704195,1521529,52141,1,HR,1,100,94
1713183114.277189,1523102,52408,1,HR,1,100,82
1713183115.397186,1524222,52581,1,HR,1,100,76
1713183116.250183,1525075,52731,1,HR,1,100,75
1713183117.010180,1525835,52846,1,HR,1,100,76
1713183117.704178,1526529,52966,1,HR,1,100,78
1713183118.584175,1527409,53119,1,HR,1,100,76
1713183120.117170,1528942,53354,1,HR,1,100,68
1713183121.477166,1530302,53583,1,HR,1,100,63
1713183122.890161,1531715,53819,1,HR,1,100,58
1713183123.810158,1532635,53970,1,HR,1,100,60
1713183124.823155,1533648,54134,1,HR,1,100,60
1713183125.703152,1534528,54274,1,HR,1,100,62
1713183126.476150,1535301,54408,1,HR,1,100,66
1713183127.836145,1536661,54624,1,HR,1,100,61
1713183128.249144,1537074,54694,1,HR,1,100,81
1713183128.809142,1537634,54792,1,HR,1,100,87
1713183129.409140,1538234,54893,1,HR,1,100,90
1713183129.689139,1538514,54927,1,HR,1,100,117
1713183130.862135,1539687,55117,1,HR,1,100,103
1713183132.836129,1541661,55452,1,HR,1,100,87
1713183133.195128,1542020,55503,1,HR,1,100,104
1713183133.675126,1542500,55590,1,HR,1,100,109
1713183133.995125,1542820,55640,1,HR,1,100,126
1713183135.849119,1544674,55945,1,HR,1,100,106
1713183136.488117,1545313,56064,1,HR,1,100,103
1713183137.622113,1546447,56250,1,HR,1,100,92
1713183138.022112,1546847,56321,1,HR,1,100,105
1713183139.795106,1548620,56605,1,HR,1,100,89
1713183142.008099,1550833,56959,1,HR,1,100,75
1713183143.261095,1552086,57176,1,HR,1,100,69
1713183145.141089,1553966,57471,1,HR,1,100,61
1713183145.794087,1554619,57578,1,HR,1,100,68
1713183146.394085,1555219,57677,1,HR,1,100,75
1713183147.407081,1556232,57843,1,HR,1,100,72
1713183147.967079,1556792,57944,1,HR,1,100,80
1713183148.447078,1557272,58011,1,HR,1,100,90
1713183149.247075,1558072,58144,1,HR,1,100,87
1713183151.180069,1560005,58462,1,HR,1,100,74
1713183151.874067,1560699,58581,1,HR,1,100,77
1713183153.313062,1562138,58817,1,HR,1,100,69
1713183154.087059,1562912,58933,1,HR,1,100,72
1713183154.967057,1563792,59084,1,HR,1,100,71
1713183155.607054,1564432,59185,1,HR,1,100,76
1713183156.340052,1565165,59306,1,HR,1,100,78
1713183157.100050,1565925,59438,1,HR,1,100,78
1713183157.700048,1566525,59539,1,HR,1,100,83
1713183158.353046,1567178,59642,1,HR,1,100,85
1713183159.153043,1567978,59776,1,HR,1,100,83
1713183159.553042,1568378,59846,1,HR,1,100,98
1713183160.286039,1569111,59966,1,HR,1,100,95
1713183160.606038,1569431,60018,1,HR,1,100,115
1713183162.539032,1571364,60341,1,HR,1,100,97
1713183162.979031,1571804,60410,1,HR,1,100,105
1713183164.139027,1572964,60612,1,HR,1,100,93
1713183164.912024,1573737,60729,1,HR,1,100,90
1713183166.112020,1574937,60931,1,HR,1,100,81
1713183166.605019,1575430,60999,1,HR,1,100,91
1713183167.325016,1576150,61133,1,HR,1,100,89
1713183167.805015,1576630,61201,1,HR,1,100,97
1713183168.325013,1577150,61289,1,HR,1,100,101
1713183168.779011,1577604,61374,1,HR,1,100,109
1713183169.139010,1577964,61427,1,HR,1,100,122
1713183169.618009,1578443,61513,1,HR,1,100,123
1713183169.978008,1578803,61582,1,HR,1,100,132
1713183170.418006,1579243,61649,1,HR,1,100,133
1713183171.792002,1580617,61875,1,HR,1,100,113
1713183172.751999,1581577,62039,1,HR,1,100,102
1713183174.164994,1582990,62273,1,HR,1,100,89
1713183176.977985,1585803,62723,1,HR,1,100,74
1713183179.403977,1588229,63118,1,HR,1,100,63
1713183180.683973,1589509,63320,1,HR,1,100,59
1713183181.083972,1589909,63387,1,HR,1,100,80
1713183188.736946,1597562,64644,1,HR,1,100,64
1713183189.655943,1598481,64793,1,HR,1,100,64
1713183190.229942,1599055,64878,1,HR,1,100,74
1713183191.469938,1600295,65090,1,HR,1,100,68
1713183192.922933,1601748,65331,1,HR,1,100,62
1713183194.335928,1603161,13,1,HR,1,100,58
1713183197.308918,1606134,512,1,HR,1,100,50
1713183197.748917,1606574,579,1,HR,1,100,69
1713183198.801913,1607627,747,1,HR,1,100,66
1713183200.041909,1608867,965,1,HR,1,100,62
1713183200.574908,1609400,1052,1,HR,1,100,74
1713183202.388902,1611214,1353,1,HR,1,100,65
1713183205.841891,1614667,1913,1,HR,1,100,54
1713183206.614888,1615440,2030,1,HR,1,100,60
1713183212.400869,1621226,2986,1,HR,1,100,49
1713183218.599849,1627425,3995,1,HR,1,100,40
1713183223.919832,1632745,4852,1,HR,1,100,34
1713183227.332820,1636158,5417,1,HR,1,100,30
1713183230.838809,1639664,5981,1,HR,1,100,27
1713183233.451801,1642277,6415,1,HR,1,100,26
1713183235.264795,1644090,6714,1,HR,1,100,28
1713183236.438791,1645264,6898,1,HR,1,100,33
1713183237.797786,1646623,7138,1,HR,1,100,36
1713183238.771783,1647597,7288,1,HR,1,100,42
1713183241.824773,1650650,7795,1,HR,1,100,37
1713183242.957769,1651783,7987,1,HR,1,100,40
1713183243.357768,1652183,8054,1,HR,1,100,65
1713183245.170762,1653996,8335,1,HR,1,100,58
1713183245.730760,1654556,8434,1,HR,1,100,69
1713183250.476745,1659302,9214,1,HR,1,100,56
1713183251.409742,1660235,9362,1,HR,1,100,58
1713183252.089740,1660915,9478,1,HR,1,100,65
1713183253.822734,1662648,9765,1,HR,1,100,58
1713183255.596728,1664422,10045,1,HR,1,100,53
1713183257.929721,1666755,10425,1,HR,1,100,47
1713183259.742715,1668568,10726,1,HR,1,100,44
1713183260.782711,1669608,10890,1,HR,1,100,47
1713183262.755705,1671581,11204,1,HR,1,100,43
1713183266.661692,1675487,11848,1,HR,1,100,37
1713183268.194687,1677020,12099,1,HR,1,100,38
1713183269.794682,1678620,12349,1,HR,1,100,38
1713183270.114681,1678940,12416,1,HR,1,100,71
1713183271.887675,1680713,12697,1,HR,1,100,63
1713183273.101671,1681927,12898,1,HR,1,100,60
1713183277.287657,1686113,13574,1,HR,1,100,50
1713183283.606637,1692432,14597,1,HR,1,100,41
1713183286.459628,1695285,15078,1,HR,1,100,36
1713183288.312621,1697138,15376,1,HR,1,100,36
1713183289.312618,1698138,15530,1,HR,1,100,41
1713183290.165615,1698991,15680,1,HR,1,100,48
1713183291.085613,1699911,15827,1,HR,1,100,52
1713183293.339605,1702165,16192,1,HR,1,100,46
1713183295.552598,1704378,16559,1,HR,1,100,42
1713183296.485595,1705311,16708,1,HR,1,100,47
1713183298.898587,1707724,17106,1,HR,1,100,42
1713183299.778584,1708604,17259,1,HR,1,100,48
1713183300.671581,1709497,17392,1,HR,1,100,52
1713183303.444572,1712270,17854,1,HR,1,100,46
1713183304.657568,1713483,18057,1,HR,1,100,47
1713183305.417566,1714243,18175,1,HR,1,100,54
1713183309.764551,1718590,18887,1,HR,1,100,45
1713183312.217543,1721043,19282,1,HR,1,100,40
1713183313.750538,1722576,19530,1,HR,1,100,40
1713183315.003534,1723829,19735,1,HR,1,100,42
1713183317.096528,1725922,20079,1,HR,1,100,39
1713183319.349520,1728175,20445,1,HR,1,100,36
1713183320.309517,1729135,20600,1,HR,1,100,42
1713183322.162511,1730988,20913,1,HR,1,100,40
1713183323.322507,1732148,21098,1,HR,1,100,43
1713183324.495503,1733321,21300,1,HR,1,100,45
1713183328.122492,1736948,21882,1,HR,1,100,38
1713183333.548474,1742374,22775,1,HR,1,100,32
1713183334.561471,1743387,22941,1,HR,1,100,39
1713183334.841470,1743667,22974,1,HR,1,100,78
1713183337.494461,1746320,23424,1,HR,1,100,65
1713183340.720450,1749546,23937,1,HR,1,100,55
1713183342.534445,1751360,24234,1,HR,1,100,50
1713183348.680424,1757506,25233,1,HR,1,100,41
1713183349.773421,1758599,25414,1,HR,1,100,44
1713183350.453419,1759279,25521,1,HR,1,100,54
1713183351.346416,1760172,25673,1,HR,1,100,57
1713183351.746414,1760572,25740,1,HR,1,100,78
1713183352.186413,1761012,25826,1,HR,1,100,91
1713183352.386412,1761212,25861,1,HR,1,100,137
1713183352.626412,1761452,25895,1,HR,1,100,162
1713183353.759408,1762585,26079,1,HR,1,100,138
1713183354.999404,1763825,26284,1,HR,1,100,118
1713183355.852401,1764678,26424,1,HR,1,100,108
1713183356.172400,1764998,26473,1,HR,1,100,126
1713183356.812398,1765638,26594,1,HR,1,100,118
1713183357.265396,1766091,26663,1,HR,1,100,122
1713183357.665395,1766491,26730,1,HR,1,100,129
1713183358.385393,1767211,26847,1,HR,1,100,119
1713183358.945391,1767771,26948,1,HR,1,100,116
1713183359.759388,1768585,27082,1,HR,1,100,107
1713183362.052381,1770878,27459,1,HR,1,100,89
1713183363.051378,1771877,27631,1,HR,1,100,83
1713183363.785375,1772611,27749,1,HR,1,100,83
1713183365.225370,1774051,27997,1,HR,1,100,74
1713183365.625369,1774451,28069,1,HR,1,100,91
1713183367.158364,1775984,28316,1,HR,1,100,79
1713183369.904355,1778730,28765,1,HR,1,100,67
1713183370.744352,1779570,28902,1,HR,1,100,68
1713183383.903310,1792729,31047,1,HR,1,100,54
1713183384.583307,1793409,31148,1,HR,1,100,61
1713183385.836303,1794662,31362,1,HR,1,100,58
1713183386.036303,1794862,31401,1,HR,1,100,112
1713183388.369295,1797195,31775,1,HR,1,100,93
1713183389.342292,1798168,31943,1,HR,1,100,86
1713183391.195286,1800021,32251,1,HR,1,100,74
1713183392.715281,1801541,32498,1,HR,1,100,67
1713183393.289279,1802115,32601,1,HR,1,100,76
1713183395.542272,1804368,32963,1,HR,1,100,65
1713183397.021267,1805847,33199,1,HR,1,100,59
1713183398.035263,1806861,33367,1,HR,1,100,59
1713183398.235263,1807061,33401,1,HR,1,100,113
1713183398.675261,1807501,33470,1,HR,1,100,118
1713183404.794241,1813620,34459,1,HR,1,100,94
1713183406.967234,1815793,34812,1,HR,1,100,79
1713183407.847231,1816673,34962,1,HR,1,100,77
1713183408.740228,1817566,35095,1,HR,1,100,75
1713183409.700225,1818526,35259,1,HR,1,100,72
1713183412.233217,1821059,35662,1,HR,1,100,61
1713183412.847215,1821673,35782,1,HR,1,100,70
1713183416.753202,1825579,36409,1,HR,1,100,58
1713183419.606193,1828432,36872,1,HR,1,100,50
1713183425.325174,1834151,37795,1,HR,1,100,41
1713183425.765173,1834591,37862,1,HR,1,100,62
1713183427.778166,1836604,38180,1,HR,1,100,55
1713183430.871156,1839697,38696,1,HR,1,100,47
1713183434.058146,1842884,39211,1,HR,1,100,41
1713183437.311135,1846137,39732,1,HR,1,100,36
1713183438.804130,1847630,39979,1,HR,1,100,37
1713183441.897120,1850723,40476,1,HR,1,100,33
1713183445.523108,1854349,41076,1,HR,1,100,29
1713183446.003107,1854829,41145,1,HR,1,100,51
1713183446.576105,1855402,41246,1,HR,1,100,63
1713183451.163090,1859989,41994,1,HR,1,100,52
1713183452.776085,1861602,42246,1,HR,1,100,49
1713183455.349076,1864175,42677,1,HR,1,100,43
1713183456.189074,1865015,42810,1,HR,1,100,49
1713183457.642069,1866468,43043,1,HR,1,100,48
1713183460.055061,1868881,43429,1,HR,1,100,43
1713183461.788055,1870614,43708,1,HR,1,100,41
1713183462.188054,1871014,43776,1,HR,1,100,65
1713183462.588053,1871414,43843,1,HR,1,100,84
1713183464.161047,1872987,44096,1,HR,1,100,74
1713183465.041045,1873867,44245,1,HR,1,100,73
1713183470.401027,1879227,45106,1,HR,1,100,59
1713183471.201025,1880027,45239,1,HR,1,100,63
1713183472.694020,1881520,45487,1,HR,1,100,58
1713183475.867009,1884693,46005,1,HR,1,100,49
1713183479.772997,1888599,46636,1,HR,1,100,42
1713183480.212995,1889039,46704,1,HR,1,100,63
1713183482.505988,1891332,47083,1,HR,1,100,55
1713183482.959986,1891786,47152,1,HR,1,100,73
1713183484.398982,1893225,47388,1,HR,1,100,66
1713183488.865967,1897692,48119,1,HR,1,100,54
1713183490.478962,1899305,48382,1,HR,1,100,51
1713183493.344952,1902171,48848,1,HR,1,100,44
1713183494.384949,1903211,49019,1,HR,1,100,47
1713183495.677945,1904504,49217,1,HR,1,100,47
1713183498.690935,1907517,49716,1,HR,1,100,41
1713183502.397923,1911224,50305,1,HR,1,100,36
1713183502.956921,1911783,50410,1,HR,1,100,51
1713183506.583909,1915410,50989,1,HR,1,100,44
1713183508.316903,1917143,51271,1,HR,1,100,42
1713183511.569893,1920396,51803,1,HR,1,100,37
1713183513.182888,1922009,52069,1,HR,1,100,37
1713183515.915879,1924742,52501,1,HR,1,100,34
1713183516.435877,1925262,52584,1,HR,1,100,52
1713183517.488873,1926315,52766,1,HR,1,100,53
1713183518.168871,1926995,52867,1,HR,1,100,61
1713183519.941865,1928768,53155,1,HR,1,100,55
1713183523.688853,1932515,53769,1,HR,1,100,46
1713183526.501844,1935328,54217,1,HR,1,100,41
1713183530.767830,1939594,54914,1,HR,1,100,35
1713183532.420825,1941247,55180,1,HR,1,100,35
1713183534.433818,1943260,55511,1,HR,1,100,34
1713183536.407812,1945234,55829,1,HR,1,100,33
1713183538.460805,1947287,56161,1,HR,1,100,32
1713183539.060803,1947887,56260,1,HR,1,100,47
1713183544.699785,1953526,57173,1,HR,1,100,39
1713183546.952777,1955779,57543,1,HR,1,100,37
1713183551.938761,1960765,58354,1,HR,1,100,31
1713183562.124728,1970951,59997,1,HR,1,100,25
1713183562.644726,1971471,60082,1,HR,1,100,45
1713183563.444724,1972271,60218,1,HR,1,100,52
1713183566.550713,1975377,60717,1,HR,1,100,45
1713183566.990712,1975817,60799,1,HR,1,100,65
1713183567.870709,1976697,60934,1,HR,1,100,66
1713183568.843706,1977670,61100,1,HR,1,100,65
1713183569.403704,1978230,61184,1,HR,1,100,74
1713183574.683687,1983510,62045,1,HR,1,100,60
1713183575.963683,1984790,62248,1,HR,1,100,57
1713183580.189669,1989016,62940,1,HR,1,100,48
1713183587.148646,1995975,64049,1,HR,1,100,39
1713183590.535635,1999362,64609,1,HR,1,100,34
1713183593.667625,2002494,65110,1,HR,1,100,31
1713183600.480603,2009307,679,1,HR,1,100,26
1713183601.120601,2009947,784,1,HR,1,100,41
1713183605.066588,2013893,1423,1,HR,1,100,35
1713183605.706586,2014533,1541,1,HR,1,100,48
1713183606.919582,2015746,1729,1,HR,1,100,49
1713183607.119581,2015946,1764,1,HR,1,100,105
1713183609.493573,2018320,2143,1,HR,1,100,87
1713183610.092571,2018919,2244,1,HR,1,100,90
1713183614.519557,2023346,2972,1,HR,1,100,73
1713183614.959555,2023786,3039,1,HR,1,100,87
1713183615.652553,2024479,3155,1,HR,1,100,87
1713183616.252551,2025079,3254,1,HR,1,100,90
1713183616.972549,2025799,3379,1,HR,1,100,89
1713183622.211532,2031038,4236,1,HR,1,100,71
1713183622.971529,2031798,4355,1,HR,1,100,73
1713183623.291528,2032118,4406,1,HR,1,100,99
1713183625.744520,2034571,4799,1,HR,1,100,82
1713183627.557514,2036384,5103,1,HR,1,100,71
1713183629.891507,2038718,5483,1,HR,1,100,61
1713183634.650491,2043477,6261,1,HR,1,100,50
1713183634.970490,2043797,6312,1,HR,1,100,81
1713183637.783481,2046610,6778,1,HR,1,100,68
1713183638.423479,2047250,6878,1,HR,1,100,73
1713183639.316476,2048143,7026,1,HR,1,100,72
1713183639.836474,2048663,7112,1,HR,1,100,82
1713183644.782458,2053609,7927,1,HR,1,100,66
1713183645.316456,2054143,8008,1,HR,1,100,77
1713183647.889448,2056716,8426,1,HR,1,100,65
1713183649.742442,2058569,8740,1,HR,1,100,58
1713183650.182441,2059009,8808,1,HR,1,100,75
1713183658.314414,2067141,10134,1,HR,1,100,60
1713183658.874412,2067701,10233,1,HR,1,100,71
1713183659.634410,2068461,10351,1,HR,1,100,73
1713183660.167408,2068994,10433,1,HR,1,100,82
1713183665.674390,2074501,11340,1,HR,1,100,66
1713183666.487387,2075314,11473,1,HR,1,100,68
1713183667.927382,2076754,11711,1,HR,1,100,62
1713183668.087382,2076914,11747,1,HR,1,100,132
1713183668.700380,2077527,11845,1,HR,1,100,125
1713183669.060379,2077887,11895,1,HR,1,100,134
1713183673.766363,2082593,12661,1,HR,1,100,107
1713183677.032353,2085859,13202,1,HR,1,100,87
1713183678.032350,2086859,13358,1,HR,1,100,81
1713183680.085343,2088912,13706,1,HR,1,100,70
1713183684.392329,2093219,14400,1,HR,1,100,57
1713183685.925324,2094752,14650,1,HR,1,100,53
1713183687.738318,2096565,14950,1,HR,1,100,49
1713183688.098317,2096925,15029,1,HR,1,100,75
